time_stamp, total time, scan point size, incremental time, search time, delete size, delete time, tree size st, tree size end, add point size, preprocess time
1767983521.94868231,0.00701902,12643,0.00104978,0.00000000,0,0.00000000,568,626,262,0.00000000
1767983522.04964328,0.00713822,12771,0.00029668,0.00000000,0,0.00000000,626,677,183,0.00234849
1767983522.14907432,0.00707206,12654,0.00014002,0.00000000,0,0.00000000,677,655,114,0.00235993
1767983522.24994206,0.00739747,12769,0.00041930,0.00000000,0,0.00000000,655,670,96,0.00186247
1767983522.34962630,0.00436084,12635,0.00009253,0.00000000,0,0.00000000,670,692,85,0.00178596
1767983522.44899654,0.00694704,12642,0.00024446,0.00000000,0,0.00000000,692,703,52,0.00153691
1767983522.54996991,0.00807534,12784,0.00024160,0.00000000,0,0.00000000,703,699,47,0.00071252
1767983522.64943480,0.00753638,12621,0.00029080,0.00000000,0,0.00000000,699,658,42,0.00145484
1767983522.74893117,0.00693413,12624,0.00014515,0.00000000,0,0.00000000,658,676,34,0.00101250
1767983522.84980369,0.00730159,12775,0.00013798,0.00000000,0,0.00000000,676,678,25,0.00099859
1767983522.94936562,0.00919644,12648,0.00016598,0.00000000,0,0.00000000,678,684,33,0.00178313
1767983523.04885530,0.00638058,12652,0.00020177,0.00000000,0,0.00000000,684,695,54,0.00100974
1767983523.14971113,0.00729864,12777,0.00028571,0.00000000,0,0.00000000,695,701,50,0.00124249
1767983523.24927688,0.00708994,12653,0.00018950,0.00000000,0,0.00000000,701,707,37,0.00100277
1767983523.34902716,0.00715298,12638,0.00022002,0.00000000,0,0.00000000,707,707,41,0.00125343
1767983523.44965458,0.00720444,12777,0.00020308,0.00000000,0,0.00000000,707,702,37,0.00064398
1767983523.54921937,0.00203119,12634,0.00006032,0.00000000,0,0.00000000,702,689,38,0.00231971
1767983523.64870143,0.00710636,12654,0.00013156,0.00000000,0,0.00000000,689,713,30,0.00097953
1767983523.74961948,0.00677487,12762,0.00011448,0.00000000,0,0.00000000,713,724,24,0.00135750
1767983523.84913659,0.00654697,12652,0.00002308,0.00000000,0,0.00000000,724,733,19,0.00098456
1767983523.94865155,0.00670175,12646,0.00010895,0.00000000,0,0.00000000,733,724,16,0.00032217
1767983524.04952669,0.00781072,12790,0.00012293,0.00000000,0,0.00000000,724,720,22,0.00096068
1767983524.14906573,0.00720366,12644,0.00014297,0.00000000,0,0.00000000,720,725,28,0.00178540
1767983524.24988317,0.00866197,12795,0.00018206,0.00000000,0,0.00000000,725,710,14,0.00099772
1767983524.34918499,0.00821205,12653,0.00003092,0.00000000,0,0.00000000,710,726,22,0.00104600
1767983524.44899583,0.00705070,12645,0.00014003,0.00000000,0,0.00000000,726,718,19,0.00170128
1767983524.54981828,0.00667592,12784,0.00005689,0.00000000,0,0.00000000,718,728,10,0.00100870
1767983524.64938498,0.00711592,12643,0.00011895,0.00000000,0,0.00000000,728,713,15,0.00167159
1767983524.74887705,0.00671060,12662,0.00009442,0.00000000,0,0.00000000,713,722,18,0.00100112
1767983524.84974575,0.00776181,12774,0.00008570,0.00000000,0,0.00000000,722,738,19,0.00109950
1767983524.94931245,0.00669759,12626,0.00012832,0.00000000,0,0.00000000,738,723,16,0.00137018
1767983525.04880142,0.00688659,12644,0.00008177,0.00000000,0,0.00000000,723,721,12,0.00112754
1767983525.14967108,0.00678921,12775,0.00010632,0.00000000,0,0.00000000,721,699,11,0.00104127
1767983525.24919868,0.00306159,12646,0.00003715,0.00000000,0,0.00000000,699,708,15,0.00171180
1767983525.34873295,0.00761889,12643,0.00008852,0.00000000,0,0.00000000,708,720,16,0.00105434
1767983525.44965816,0.00709747,12776,0.00013266,0.00000000,0,0.00000000,720,708,20,0.00101652
1767983525.54916573,0.00671064,12628,0.00013222,0.00000000,0,0.00000000,708,712,22,0.00100238
1767983525.64865637,0.00678872,12627,0.00011492,0.00000000,0,0.00000000,712,724,19,0.00034918
1767983525.74954247,0.00678509,12757,0.00008381,0.00000000,0,0.00000000,724,740,17,0.00151250
1767983525.84913349,0.00684300,12633,0.00010691,0.00000000,0,0.00000000,740,735,16,0.00113754
1767983525.94858503,0.00549552,12624,0.00005098,0.00000000,0,0.00000000,735,743,14,0.00101140
1767983526.04945564,0.00199965,12761,0.00001867,0.00000000,0,0.00000000,743,740,9,0.00101505
1767983526.14899850,0.00186410,12626,0.00002237,0.00000000,0,0.00000000,740,741,13,0.00103929
1767983526.24854445,0.00190112,12623,0.00003534,0.00000000,0,0.00000000,741,748,27,0.00127757
1767983526.34944344,0.00204235,12746,0.00004714,0.00000000,0,0.00000000,748,729,24,0.00065895
1767983526.44890046,0.00749852,12635,0.00055102,0.00000000,0,0.00000000,729,715,110,0.00032885
1767983526.54975891,0.00772938,12826,0.00068723,0.00000000,0,0.00000000,715,736,150,0.00031782
1767983526.64934969,0.00824249,12833,0.00089657,0.00000000,0,0.00000000,736,853,236,0.00032322
1767983526.74887586,0.00843141,12890,0.00121160,0.00000000,0,0.00000000,853,817,234,0.00033784
1767983526.84969854,0.00814423,13021,0.00098221,0.00000000,0,0.00000000,817,880,214,0.00102120
1767983526.94928026,0.00804260,12867,0.00094187,0.00000000,0,0.00000000,880,906,174,0.00111945
1767983527.05009818,0.00776398,12948,0.00076208,0.00000000,0,0.00000000,906,1002,201,0.00097860
1767983527.14967728,0.00869560,12746,0.00064743,0.00000000,0,0.00000000,1002,1018,138,0.00116249
1767983527.24918795,0.00752920,12725,0.00044070,0.00000000,0,0.00000000,1018,1030,92,0.00172151
1767983527.34868455,0.00739460,12638,0.00039183,0.00000000,0,0.00000000,1030,1056,72,0.00136048
1767983527.44958043,0.00756712,12845,0.00039107,0.00000000,0,0.00000000,1056,1061,81,0.00098395
1767983527.54911780,0.00695737,12710,0.00010454,0.00000000,0,0.00000000,1061,1068,44,0.00168481
1767983527.64867711,0.00827123,12692,0.00032862,0.00000000,0,0.00000000,1068,1071,66,0.00114242
1767983527.74950624,0.00706738,12784,0.00008052,0.00000000,0,0.00000000,1071,1090,72,0.00111773
1767983527.84903789,0.00752735,12547,0.00037218,0.00000000,0,0.00000000,1090,1111,77,0.00111800
1767983527.94854689,0.00818218,12506,0.00042752,0.00000000,0,0.00000000,1111,1126,81,0.00102262
1767983528.04939032,0.00740873,12631,0.00055434,0.00000000,0,0.00000000,1126,1155,106,0.00175048
1767983528.14896202,0.00723454,12478,0.00044278,0.00000000,0,0.00000000,1155,1135,81,0.00103780
1767983528.24978209,0.00715907,12668,0.00027063,0.00000000,0,0.00000000,1135,1142,45,0.00101671
1767983528.34936237,0.00707112,12593,0.00021087,0.00000000,0,0.00000000,1142,1141,41,0.00179256
1767983528.44885969,0.00855156,12723,0.00034148,0.00000000,0,0.00000000,1141,1162,55,0.00114291
1767983528.54971194,0.00872773,12827,0.00037217,0.00000000,0,0.00000000,1162,1136,48,0.00101733
1767983528.64929366,0.00812165,12738,0.00020637,0.00000000,0,0.00000000,1136,1164,49,0.00178987
1767983528.74877977,0.00730533,12731,0.00030745,0.00000000,0,0.00000000,1164,1191,58,0.00109547
1767983528.84968829,0.00732022,12926,0.00032726,0.00000000,0,0.00000000,1191,1226,74,0.00175009
1767983528.94920421,0.00841701,12812,0.00046868,0.00000000,0,0.00000000,1226,1253,94,0.00166280
1767983529.04870415,0.00753912,12854,0.00040058,0.00000000,0,0.00000000,1253,1265,80,0.00167670
1767983529.14963078,0.00831545,12999,0.00044256,0.00000000,0,0.00000000,1265,1235,66,0.00099908
1767983529.24914265,0.00740936,12718,0.00043196,0.00000000,0,0.00000000,1235,1209,55,0.00110532
1767983529.34865642,0.00654306,12775,0.00004966,0.00000000,0,0.00000000,1209,1234,41,0.00166785
1767983529.44954085,0.00745776,12756,0.00020463,0.00000000,0,0.00000000,1234,1256,39,0.00098116
1767983529.54906917,0.00703579,12519,0.00021102,0.00000000,0,0.00000000,1256,1292,50,0.00179553
1767983529.64988613,0.00713946,12621,0.00035552,0.00000000,0,0.00000000,1292,1280,57,0.00093713
1767983529.74907279,0.00721070,12379,0.00049770,0.00000000,0,0.00000000,1280,1334,126,0.00110956
1767983529.84894824,0.00735079,12255,0.00074554,0.00000000,0,0.00000000,1334,1393,146,0.00102619
1767983529.94981456,0.00724090,12349,0.00051402,0.00000000,0,0.00000000,1393,1429,110,0.00113910
1767983530.04913211,0.00726330,12206,0.00058710,0.00000000,0,0.00000000,1429,1453,84,0.00099129
1767983530.14887714,0.00700033,12098,0.00041132,0.00000000,0,0.00000000,1453,1482,77,0.00123500
1767983530.24844623,0.00680364,12085,0.00024984,0.00000000,0,0.00000000,1482,1512,51,0.00111370
1767983530.34932613,0.00711974,12222,0.00046651,0.00000000,0,0.00000000,1512,1525,64,0.00101431
1767983530.44880128,0.00723801,12066,0.00023545,0.00000000,0,0.00000000,1525,1558,55,0.00176579
1767983530.54966331,0.00692296,12153,0.00029705,0.00000000,0,0.00000000,1558,1537,51,0.00119865
1767983530.64919472,0.00774537,11973,0.00023224,0.00000000,0,0.00000000,1537,1539,34,0.00099826
1767983530.74873257,0.00738450,12033,0.00008493,0.00000000,0,0.00000000,1539,1567,44,0.00108627
1767983530.84962344,0.00777059,12105,0.00010824,0.00000000,0,0.00000000,1567,1583,50,0.00103121
1767983530.94917965,0.00667798,11904,0.00032865,0.00000000,0,0.00000000,1583,1584,54,0.00101975
1767983531.04863000,0.00778337,11893,0.00032259,0.00000000,0,0.00000000,1584,1585,55,0.00174821
1767983531.14955330,0.00290186,11957,0.00014703,0.00000000,0,0.00000000,1585,1591,62,0.00119748
1767983531.24909019,0.00276377,11743,0.00013917,0.00000000,0,0.00000000,1591,1613,62,0.00112156
1767983531.34993649,0.00277249,11769,0.00018761,0.00000000,0,0.00000000,1613,1548,25,0.00172528
1767983531.44948816,0.00646051,11681,0.00015687,0.00000000,0,0.00000000,1548,1565,34,0.00174482
1767983531.54890633,0.00831431,11629,0.00044586,0.00000000,0,0.00000000,1565,1571,57,0.00168588
1767983531.64983606,0.00773915,11807,0.00033068,0.00000000,0,0.00000000,1571,1604,64,0.00067019
1767983531.74940944,0.00368707,11645,0.00019792,0.00000000,0,0.00000000,1604,1615,51,0.00068884
1767983531.84891009,0.00646171,11586,0.00017416,0.00000000,0,0.00000000,1615,1636,35,0.00100512
1767983531.94976282,0.00481541,11776,0.00025719,0.00000000,0,0.00000000,1636,1658,64,0.00176994
1767983532.04936099,0.00699494,11542,0.00042569,0.00000000,0,0.00000000,1658,1624,45,0.00180710
1767983532.14883161,0.00620246,11534,0.00023362,0.00000000,0,0.00000000,1624,1650,57,0.00071485
1767983532.24969411,0.00668134,11719,0.00021246,0.00000000,0,0.00000000,1650,1678,43,0.00098086
1767983532.34926367,0.00346814,11493,0.00012474,0.00000000,0,0.00000000,1678,1703,32,0.00032326
1767983532.44876099,0.00733733,11403,0.00017306,0.00000000,0,0.00000000,1703,1715,33,0.00098470
1767983532.54967451,0.00764423,11504,0.00019438,0.00000000,0,0.00000000,1715,1722,34,0.00111838
1767983532.64919090,0.00732717,11341,0.00077423,0.00000000,0,0.00000000,1722,1628,40,0.00102909
1767983532.74868011,0.00738685,11292,0.00025887,0.00000000,0,0.00000000,1628,1657,56,0.00178443
1767983532.84956598,0.00658175,11462,0.00024619,0.00000000,0,0.00000000,1657,1675,48,0.00175303
1767983532.94906640,0.00568971,11331,0.00027158,0.00000000,0,0.00000000,1675,1683,45,0.00152503
1767983533.04865098,0.00612784,11353,0.00020338,0.00000000,0,0.00000000,1683,1698,33,0.00108737
1767983533.14946985,0.00552890,11515,0.00013790,0.00000000,0,0.00000000,1698,1710,40,0.00175435
1767983533.24904466,0.00697855,11378,0.00029727,0.00000000,0,0.00000000,1710,1742,58,0.00107829
1767983533.34985232,0.00472831,11578,0.00014613,0.00000000,0,0.00000000,1742,1748,39,0.00100424
1767983533.44941974,0.00648431,11451,0.00020762,0.00000000,0,0.00000000,1748,1750,28,0.00098795
1767983533.54892874,0.00613405,11436,0.00010936,0.00000000,0,0.00000000,1750,1770,28,0.00100638
1767983533.64979792,0.00655973,11553,0.00018747,0.00000000,0,0.00000000,1770,1784,30,0.00109049
1767983533.74933720,0.00690846,11369,0.00025510,0.00000000,0,0.00000000,1784,1786,36,0.00104131
1767983533.84885287,0.00713187,11401,0.00085124,0.00000000,0,0.00000000,1786,1722,43,0.00099174
1767983533.94971132,0.00429424,11594,0.00018037,0.00000000,0,0.00000000,1722,1759,60,0.00100005
1767983534.04928041,0.00687600,11464,0.00041084,0.00000000,0,0.00000000,1759,1806,80,0.00123249
1767983534.14865208,0.00482618,11506,0.00016879,0.00000000,0,0.00000000,1806,1852,63,0.00077056
1767983534.24968839,0.00700980,11762,0.00019907,0.00000000,0,0.00000000,1852,1862,31,0.00112264
1767983534.34918809,0.00331755,11614,0.00023618,0.00000000,0,0.00000000,1862,1867,35,0.00114152
1767983534.44874763,0.00669405,11648,0.00033646,0.00000000,0,0.00000000,1867,1863,53,0.00118265
1767983534.54960918,0.00755825,11703,0.00021489,0.00000000,0,0.00000000,1863,1861,22,0.00123780
1767983534.64909601,0.00640320,11514,0.00014206,0.00000000,0,0.00000000,1861,1888,31,0.00112975
1767983534.74863482,0.00502579,11441,0.00017343,0.00000000,0,0.00000000,1888,1919,65,0.00101502
1767983534.84950614,0.00693606,11555,0.00053000,0.00000000,0,0.00000000,1919,1931,92,0.00110065
1767983534.94905400,0.00581526,11331,0.00017097,0.00000000,0,0.00000000,1931,1964,69,0.00111278
1767983535.04861403,0.00685691,11179,0.00030996,0.00000000,0,0.00000000,1964,1986,48,0.00098482
1767983535.14944506,0.00188802,11205,0.00006054,0.00000000,0,0.00000000,1986,2008,43,0.00100745
1767983535.24900126,0.00750537,11053,0.00030586,0.00000000,0,0.00000000,2008,2017,45,0.00110786
1767983535.34980989,0.00184689,11096,0.00006896,0.00000000,0,0.00000000,2017,2040,44,0.00176726
1767983535.44937134,0.00663708,10881,0.00030032,0.00000000,0,0.00000000,2040,2052,50,0.00105000
1767983535.54886866,0.00658691,10726,0.00065484,0.00000000,0,0.00000000,2052,2062,95,0.00099840
1767983535.64973307,0.00722480,10739,0.00028910,0.00000000,0,0.00000000,2062,2113,74,0.00173368
1767983535.74931216,0.00578999,10551,0.00028387,0.00000000,0,0.00000000,2113,2141,87,0.00115316
1767983535.84880376,0.00676126,10495,0.00056362,0.00000000,0,0.00000000,2141,2135,81,0.00108438
1767983535.94967198,0.00427347,10593,0.00019804,0.00000000,0,0.00000000,2135,2164,62,0.00100675
1767983536.04924273,0.00644182,10369,0.00037252,0.00000000,0,0.00000000,2164,2176,67,0.00178503
1767983536.15046144,0.00557006,10556,0.00029533,0.00000000,0,0.00000000,2176,2154,68,0.00094813
1767983536.24965930,0.00661476,10398,0.00055170,0.00000000,0,0.00000000,2154,2239,119,0.00109043
1767983536.34911895,0.00654775,10424,0.00063298,0.00000000,0,0.00000000,2239,2285,141,0.00100760
1767983536.44999123,0.00656123,10485,0.00039481,0.00000000,0,0.00000000,2285,2325,80,0.00174540
1767983536.54957104,0.00295012,10350,0.00012744,0.00000000,0,0.00000000,2325,2361,55,0.00179603
1767983536.64909840,0.00623691,10329,0.00026445,0.00000000,0,0.00000000,2361,2384,45,0.00114202
1767983536.74858856,0.00556425,10237,0.00015435,0.00000000,0,0.00000000,2384,2397,38,0.00036857
1767983536.84949756,0.00646907,10313,0.00029720,0.00000000,0,0.00000000,2397,2399,46,0.00084307
1767983536.94901848,0.00858003,10133,0.00156030,0.00000000,0,0.00000000,2399,2286,82,0.00033641
1767983537.04854512,0.00672259,10059,0.00076345,0.00000000,0,0.00000000,2286,2273,64,0.00101490
1767983537.14943099,0.00687541,10105,0.00022263,0.00000000,0,0.00000000,2273,2305,43,0.00065756
1767983537.24890113,0.00608580,9916,0.00025747,0.00000000,0,0.00000000,2305,2341,52,0.00102983
1767983537.34846354,0.00179838,9855,0.00008366,0.00000000,0,0.00000000,2341,2375,66,0.00139578
1767983537.44899130,0.00625052,9910,0.00025264,0.00000000,0,0.00000000,2375,2389,44,0.00172629
1767983537.54883409,0.00256489,9707,0.00013463,0.00000000,0,0.00000000,2389,2422,65,0.00176999
1767983537.64969683,0.00638648,9836,0.00042063,0.00000000,0,0.00000000,2422,2444,73,0.00097141
1767983537.74925780,0.00425455,9619,0.00009255,0.00000000,0,0.00000000,2444,2472,55,0.00167450
1767983537.85012078,0.00602076,9697,0.00037799,0.00000000,0,0.00000000,2472,2477,53,0.00098402
1767983537.94943118,0.00173810,9524,0.00010058,0.00000000,0,0.00000000,2477,2502,67,0.00173275
1767983538.04918718,0.00619469,9443,0.00052383,0.00000000,0,0.00000000,2502,2525,91,0.00151508
1767983538.15004086,0.00546908,9465,0.00037451,0.00000000,0,0.00000000,2525,2519,94,0.00168230
1767983538.24954939,0.00590160,9224,0.00020264,0.00000000,0,0.00000000,2519,2529,34,0.00112017
1767983538.34911275,0.00581908,9173,0.00021382,0.00000000,0,0.00000000,2529,2551,39,0.00105788
1767983538.44997263,0.00591117,9291,0.00018898,0.00000000,0,0.00000000,2551,2569,37,0.00101055
1767983538.54951286,0.00576178,9079,0.00019519,0.00000000,0,0.00000000,2569,2567,33,0.00098321
1767983538.64900947,0.00589149,9029,0.00024618,0.00000000,0,0.00000000,2567,2580,45,0.00104378
1767983538.74827695,0.00461368,9004,0.00018877,0.00000000,0,0.00000000,2580,2590,38,0.00031437
1767983538.84943223,0.00610699,9084,0.00040726,0.00000000,0,0.00000000,2590,2587,55,0.00102674
1767983538.94897842,0.00549504,8917,0.00022029,0.00000000,0,0.00000000,2587,2607,48,0.00086783
1767983539.04977918,0.00601662,9033,0.00036185,0.00000000,0,0.00000000,2607,2598,48,0.00096340
1767983539.14936042,0.00975663,8873,0.00024120,0.00000000,0,0.00000000,2598,2623,41,0.00096539
1767983539.24885917,0.00617623,8771,0.00027236,0.00000000,0,0.00000000,2623,2649,49,0.00139721
1767983539.34970903,0.00395975,8804,0.00020745,0.00000000,0,0.00000000,2649,2643,37,0.00081573
1767983539.44928384,0.00554929,8616,0.00020289,0.00000000,0,0.00000000,2643,2666,39,0.00097615
1767983539.55010104,0.00287951,8770,0.00009898,0.00000000,0,0.00000000,2666,2676,40,0.00095823
1767983539.64966583,0.00556420,8700,0.00027575,0.00000000,0,0.00000000,2676,2682,45,0.00103490
1767983539.74916577,0.00558249,8813,0.00016781,0.00000000,0,0.00000000,2682,2699,42,0.00032131
1767983539.84871125,0.00583818,8923,0.00031151,0.00000000,0,0.00000000,2699,2702,38,0.00172292
1767983539.94960690,0.00443631,9185,0.00015572,0.00000000,0,0.00000000,2702,2715,52,0.00091869
1767983540.04916453,0.00608325,9152,0.00029506,0.00000000,0,0.00000000,2715,2735,45,0.00101574
1767983540.14866853,0.00215281,9256,0.00010321,0.00000000,0,0.00000000,2735,2761,57,0.00173208
1767983540.24952960,0.00643642,9583,0.00036812,0.00000000,0,0.00000000,2761,2761,48,0.00185729
1767983540.34906387,0.00403210,9553,0.00027027,0.00000000,0,0.00000000,2761,2764,61,0.00104072
1767983540.44860363,0.00669837,9677,0.00060069,0.00000000,0,0.00000000,2764,2763,86,0.00107049
1767983540.54946661,0.00492891,9938,0.00029486,0.00000000,0,0.00000000,2763,2783,70,0.00087580
1767983540.64894629,0.00652086,9887,0.00033436,0.00000000,0,0.00000000,2783,2793,56,0.00106663
1767983540.74980259,0.00450799,10064,0.00024988,0.00000000,0,0.00000000,2793,2792,45,0.00036307
1767983540.84939623,0.00642751,9972,0.00018989,0.00000000,0,0.00000000,2792,2824,45,0.00096668
1767983540.94888091,0.00368998,9997,0.00017232,0.00000000,0,0.00000000,2824,2841,63,0.00107321
1767983541.04939246,0.00659045,10179,0.00030153,0.00000000,0,0.00000000,2841,2866,51,0.00095501
1767983541.14930415,0.00465319,10024,0.00020744,0.00000000,0,0.00000000,2866,2867,52,0.00035496
1767983541.24880171,0.00664580,10062,0.00031389,0.00000000,0,0.00000000,2867,2884,54,0.00097025
1767983541.34968352,0.00190217,10259,0.00007941,0.00000000,0,0.00000000,2884,2916,64,0.00098068
1767983541.44923067,0.00187595,10211,0.00007442,0.00000000,0,0.00000000,2916,2914,36,0.00096227
1767983541.54872990,0.00412364,10271,0.00014072,0.00000000,0,0.00000000,2914,2922,33,0.00034744
1767983541.64965510,0.00660644,10528,0.00023208,0.00000000,0,0.00000000,2922,2931,41,0.00095061
1767983541.74916029,0.00272493,10457,0.00011456,0.00000000,0,0.00000000,2931,2964,54,0.00031767
1767983541.84869123,0.00746912,10508,0.00033696,0.00000000,0,0.00000000,2964,2957,45,0.00031772
1767983541.94953036,0.00717046,10785,0.00021394,0.00000000,0,0.00000000,2957,2978,47,0.00095774
1767983542.04905820,0.00690908,10687,0.00052000,0.00000000,0,0.00000000,2978,2959,76,0.00096503
1767983542.14990568,0.00343615,10907,0.00008892,0.00000000,0,0.00000000,2959,3004,67,0.00156679
1767983542.24948120,0.00742638,10785,0.00013353,0.00000000,0,0.00000000,3004,3014,48,0.00165735
1767983542.34902596,0.00673068,10835,0.00029762,0.00000000,0,0.00000000,3014,3012,45,0.00167985
1767983542.44982910,0.00715295,11028,0.00042296,0.00000000,0,0.00000000,3012,3039,78,0.00104634
1767983542.54941750,0.00765605,10910,0.00025457,0.00000000,0,0.00000000,3039,3054,45,0.00097126
1767983542.64889836,0.00790392,10926,0.00033558,0.00000000,0,0.00000000,3054,3060,37,0.00096053
1767983542.74976945,0.00529273,11148,0.00028418,0.00000000,0,0.00000000,3060,3055,54,0.00151970
1767983542.84932280,0.00654192,11047,0.00061780,0.00000000,0,0.00000000,3055,3043,62,0.00096005
1767983542.94881797,0.00198689,11118,0.00007887,0.00000000,0,0.00000000,3043,3077,56,0.00080280
1767983543.04968643,0.00725059,11350,0.00037932,0.00000000,0,0.00000000,3077,3079,65,0.00046274
1767983543.14926052,0.00674740,11256,0.00036435,0.00000000,0,0.00000000,3079,3111,76,0.00039483
1767983543.24875951,0.00720950,11324,0.00038813,0.00000000,0,0.00000000,3111,3147,67,0.00047357
1767983543.34940577,0.00448802,11528,0.00040658,0.00000000,0,0.00000000,3147,3127,69,0.00077135
1767983543.44919038,0.00731465,11419,0.00027697,0.00000000,0,0.00000000,3127,3141,38,0.00099317
1767983543.54872966,0.00767119,11456,0.00043640,0.00000000,0,0.00000000,3141,3191,82,0.00088238
1767983543.64958763,0.00892285,11619,0.00087703,0.00000000,0,0.00000000,3191,3139,101,0.00097882
1767983543.74911666,0.00687292,11454,0.00037923,0.00000000,0,0.00000000,3139,3189,73,0.00030372
1767983543.84866953,0.00772204,11467,0.00047150,0.00000000,0,0.00000000,3189,3223,76,0.00098520
1767983543.94950891,0.00537000,11586,0.00023042,0.00000000,0,0.00000000,3223,3250,57,0.00033336
1767983544.04899454,0.00805608,11375,0.00105052,0.00000000,0,0.00000000,3250,3195,84,0.00108999
1767983544.14853334,0.00755147,11370,0.00036298,0.00000000,0,0.00000000,3195,3215,59,0.00097925
1767983544.24939179,0.00752077,11565,0.00027652,0.00000000,0,0.00000000,3215,3230,49,0.00094083
1767983544.34896183,0.00488404,11414,0.00015051,0.00000000,0,0.00000000,3230,3238,64,0.00064089
1767983544.44847655,0.00776299,11446,0.00036348,0.00000000,0,0.00000000,3238,3273,62,0.00107083
1767983544.54934883,0.00391726,11681,0.00014255,0.00000000,0,0.00000000,3273,3284,56,0.00096761
1767983544.64853764,0.00731485,11597,0.00037444,0.00000000,0,0.00000000,3284,3307,69,0.00097973
1767983544.74977541,0.00212818,11864,0.00010450,0.00000000,0,0.00000000,3307,3350,83,0.00092591
1767983544.84928036,0.00210975,11735,0.00014396,0.00000000,0,0.00000000,3350,3389,110,0.00097579
1767983544.94877887,0.00484409,11677,0.00029451,0.00000000,0,0.00000000,3389,3441,96,0.00097430
1767983545.04966807,0.00767328,11857,0.00047971,0.00000000,0,0.00000000,3441,3481,94,0.00100218
1767983545.14892554,0.00352056,11603,0.00039478,0.00000000,0,0.00000000,3481,3541,156,0.00030316
1767983545.24869990,0.00870151,11601,0.00064978,0.00000000,0,0.00000000,3541,3590,108,0.00030102
1767983545.34963632,0.00866271,11730,0.00056781,0.00000000,0,0.00000000,3590,3617,93,0.00029793
1767983545.44916391,0.00811514,11627,0.00049619,0.00000000,0,0.00000000,3617,3669,91,0.00104747
1767983545.55000067,0.00315755,11761,0.00017497,0.00000000,0,0.00000000,3669,3671,63,0.00063364
1767983545.64936876,0.00775976,11621,0.00056639,0.00000000,0,0.00000000,3671,3694,80,0.00167265
1767983545.74907613,0.00283512,11693,0.00012104,0.00000000,0,0.00000000,3694,3712,69,0.00109310
1767983545.84987855,0.00833280,11969,0.00090665,0.00000000,0,0.00000000,3712,3740,113,0.00096397
1767983545.94946647,0.00368156,11832,0.00038063,0.00000000,0,0.00000000,3740,3798,116,0.00031554
1767983546.04896760,0.00884329,11825,0.00053813,0.00000000,0,0.00000000,3798,3845,97,0.00096284
1767983546.14851522,0.00566120,11764,0.00042032,0.00000000,0,0.00000000,3845,3895,141,0.00094551
1767983546.24937892,0.00710693,11858,0.00030095,0.00000000,0,0.00000000,3895,3921,86,0.00111218
1767983546.34887075,0.00314988,11640,0.00020194,0.00000000,0,0.00000000,3921,3949,69,0.00093505
1767983546.44812846,0.00704437,11642,0.00010148,0.00000000,0,0.00000000,3949,3978,63,0.00166358
1767983546.54931378,0.00374508,11891,0.00020525,0.00000000,0,0.00000000,3978,3983,81,0.00070596
1767983546.64880943,0.00668211,11846,0.00120161,0.00000000,0,0.00000000,3983,3855,70,0.00169540
1767983546.74837446,0.00587025,11825,0.00036805,0.00000000,0,0.00000000,3855,3871,72,0.00085019
1767983546.84924364,0.00291711,12101,0.00015341,0.00000000,0,0.00000000,3871,3929,92,0.00104100
1767983546.94861984,0.00789994,11953,0.00036981,0.00000000,0,0.00000000,3929,3959,70,0.00172836
1767983547.04963970,0.00747476,12130,0.00032509,0.00000000,0,0.00000000,3959,3979,58,0.00081485
1767983547.14915538,0.00225196,11999,0.00010033,0.00000000,0,0.00000000,3979,4008,66,0.00034113
1767983547.24997973,0.00712928,12222,0.00032943,0.00000000,0,0.00000000,4008,4026,56,0.00030253
1767983547.34953785,0.00606669,12090,0.00019053,0.00000000,0,0.00000000,4026,4051,50,0.00097059
1767983547.44906378,0.00753584,12145,0.00021185,0.00000000,0,0.00000000,4051,4086,50,0.00105512
1767983547.54990649,0.00831437,12341,0.00034425,0.00000000,0,0.00000000,4086,4099,48,0.00032072
1767983547.64947581,0.00464392,12133,0.00015603,0.00000000,0,0.00000000,4099,4129,64,0.00064565
1767983547.74903131,0.00712717,12189,0.00010922,0.00000000,0,0.00000000,4129,4158,67,0.00115086
1767983547.84855270,0.00875951,12151,0.00042804,0.00000000,0,0.00000000,4158,4136,62,0.00096115
1767983547.94939852,0.00212534,12375,0.00009042,0.00000000,0,0.00000000,4136,4144,50,0.00153416
1767983548.04895329,0.00767455,12167,0.00034016,0.00000000,0,0.00000000,4144,4168,58,0.00068044
1767983548.14851284,0.00701554,12149,0.00032493,0.00000000,0,0.00000000,4168,4180,67,0.00094878
1767983548.24933743,0.00285901,12355,0.00013357,0.00000000,0,0.00000000,4180,4226,74,0.00175612
1767983548.34881878,0.00779974,12192,0.00038513,0.00000000,0,0.00000000,4226,4252,63,0.00110424
1767983548.44968081,0.00807425,12452,0.00044660,0.00000000,0,0.00000000,4252,4270,66,0.00105088
1767983548.54925537,0.00568140,12302,0.00016953,0.00000000,0,0.00000000,4270,4294,50,0.00091182
1767983548.65013909,0.00369732,12556,0.00016885,0.00000000,0,0.00000000,4294,4302,55,0.00033539
1767983548.74960899,0.00707227,12462,0.00010689,0.00000000,0,0.00000000,4302,4318,58,0.00088373
1767983548.84919143,0.00802483,12521,0.00035497,0.00000000,0,0.00000000,4318,4321,56,0.00116642
1767983548.94867682,0.00685695,12715,0.00020274,0.00000000,0,0.00000000,4321,4336,41,0.00098704
1767983549.04956985,0.00802005,12988,0.00024939,0.00000000,0,0.00000000,4336,4346,43,0.00036093
1767983549.14911342,0.00321838,12891,0.00020724,0.00000000,0,0.00000000,4346,4379,66,0.00102962
1767983549.24864912,0.00816403,13012,0.00064879,0.00000000,0,0.00000000,4379,4330,58,0.00100524
1767983549.34950876,0.00665707,13252,0.00037114,0.00000000,0,0.00000000,4330,4358,60,0.00090665
1767983549.44903278,0.00776436,13170,0.00027704,0.00000000,0,0.00000000,4358,4382,45,0.00174415
1767983549.54858708,0.00647066,13326,0.00008447,0.00000000,0,0.00000000,4382,4403,53,0.00168373
1767983549.64945173,0.00670245,13583,0.00007174,0.00000000,0,0.00000000,4403,4419,41,0.00097723
1767983549.74891996,0.00772044,13480,0.00031054,0.00000000,0,0.00000000,4419,4430,48,0.00072815
1767983549.84979486,0.00887856,13758,0.00025220,0.00000000,0,0.00000000,4430,4437,32,0.00111067
1767983549.94938397,0.00704109,13620,0.00033713,0.00000000,0,0.00000000,4437,4454,52,0.00035487
1767983550.04885435,0.00818236,13651,0.00034648,0.00000000,0,0.00000000,4454,4469,52,0.00140443
1767983550.14974928,0.00224248,13866,0.00010437,0.00000000,0,0.00000000,4469,4475,56,0.00037240
1767983550.24931073,0.00589597,13627,0.00037910,0.00000000,0,0.00000000,4475,4487,55,0.00115967
1767983550.35015297,0.00366336,13803,0.00027728,0.00000000,0,0.00000000,4487,4484,67,0.00073676
1767983550.44964266,0.00847183,13633,0.00067587,0.00000000,0,0.00000000,4484,4488,60,0.00196588
1767983550.54920697,0.00842016,13615,0.00026842,0.00000000,0,0.00000000,4350,4376,57,0.00035106
1767983550.64870477,0.00823194,13624,0.00046771,0.00000000,0,0.00000000,4376,4397,67,0.00152083
1767983550.74962664,0.00228959,13820,0.00006819,0.00000000,0,0.00000000,4397,4424,47,0.00037676
1767983550.84913588,0.00802040,13652,0.00022634,0.00000000,0,0.00000000,4424,4449,44,0.00101052
1767983550.94864416,0.00290755,13646,0.00015077,0.00000000,0,0.00000000,4449,4437,47,0.00065723
1767983551.04953742,0.00568847,13825,0.00027369,0.00000000,0,0.00000000,4437,4446,41,0.00101221
1767983551.14904761,0.00458415,13671,0.00022741,0.00000000,0,0.00000000,4446,4466,64,0.00031523
1767983551.24988365,0.00807186,13837,0.00030002,0.00000000,0,0.00000000,4466,4493,57,0.00101110
1767983551.34945679,0.00323479,13700,0.00012281,0.00000000,0,0.00000000,4493,4511,73,0.00094693
1767983551.44894123,0.00512045,13713,0.00021182,0.00000000,0,0.00000000,4511,4537,51,0.00047188
1767983551.54980683,0.00857264,13887,0.00057296,0.00000000,0,0.00000000,4537,4562,85,0.00034970
1767983551.64938855,0.00228685,13696,0.00008391,0.00000000,0,0.00000000,4562,4579,45,0.00116117
1767983551.74887824,0.00636182,13690,0.00025929,0.00000000,0,0.00000000,4579,4594,37,0.00063377
1767983551.84973502,0.00240680,13891,0.00011009,0.00000000,0,0.00000000,4594,4611,68,0.00037907
1767983551.94931531,0.00697291,13679,0.00031641,0.00000000,0,0.00000000,4611,4615,34,0.00098013
1767983552.04879284,0.00343809,13685,0.00023937,0.00000000,0,0.00000000,4615,4606,51,0.00035791
1767983552.14834332,0.00811885,13679,0.00025430,0.00000000,0,0.00000000,4606,4634,52,0.00113653
1767983552.24921775,0.00302347,13894,0.00017461,0.00000000,0,0.00000000,4634,4647,65,0.00034659
1767983552.34872437,0.00509687,13623,0.00022492,0.00000000,0,0.00000000,4647,4647,45,0.00047294
1767983552.44964623,0.00923570,13840,0.00020488,0.00000000,0,0.00000000,4647,4676,39,0.00032138
1767983552.54915380,0.00234446,13641,0.00009774,0.00000000,0,0.00000000,4676,4661,36,0.00113681
1767983552.65001106,0.00881902,13851,0.00029460,0.00000000,0,0.00000000,4661,4688,46,0.00031894
1767983552.74957538,0.00345101,13649,0.00009582,0.00000000,0,0.00000000,4688,4713,33,0.00036296
1767983552.84945583,0.00837014,13650,0.00047435,0.00000000,0,0.00000000,4713,4720,52,0.00174408
1767983552.94990873,0.00534087,13834,0.00018168,0.00000000,0,0.00000000,4720,4772,68,0.00031292
1767983553.04943657,0.00432484,13662,0.00027009,0.00000000,0,0.00000000,4772,4796,75,0.00103663
1767983553.14897919,0.00864542,13662,0.00037034,0.00000000,0,0.00000000,4796,4825,67,0.00030914
1767983553.24982381,0.00933621,13841,0.00032934,0.00000000,0,0.00000000,4825,4865,67,0.00112442
1767983553.34934521,0.00397361,13674,0.00016889,0.00000000,0,0.00000000,4585,4638,64,0.00091544
1767983553.44889760,0.01025457,13677,0.00045060,0.00000000,0,0.00000000,4638,4693,82,0.00032047
1767983553.54844332,0.00957220,13664,0.00054473,0.00000000,0,0.00000000,4693,4766,116,0.00169758
1767983553.64932346,0.01015211,13876,0.00067834,0.00000000,0,0.00000000,4766,4806,110,0.00171236
1767983553.74882221,0.00364260,13648,0.00021065,0.00000000,0,0.00000000,4806,4851,95,0.00063706
1767983553.84840393,0.00770418,13577,0.00009397,0.00000000,0,0.00000000,4851,4899,74,0.00169399
1767983553.94925404,0.00233884,13748,0.00007049,0.00000000,0,0.00000000,4899,4923,48,0.00065502
1767983554.04874706,0.00891398,13564,0.00060120,0.00000000,0,0.00000000,4923,4950,74,0.00173410
1767983554.14969349,0.00614737,13731,0.00035314,0.00000000,0,0.00000000,4950,4991,72,0.00062832
1767983554.24918008,0.00905167,13518,0.00054550,0.00000000,0,0.00000000,4991,4997,79,0.00169305
1767983554.35004663,0.00675712,13704,0.00028598,0.00000000,0,0.00000000,4997,5008,54,0.00032441
1767983554.44954133,0.00912604,13526,0.00050957,0.00000000,0,0.00000000,5008,5054,97,0.00098528
1767983554.54910898,0.00253879,13547,0.00012376,0.00000000,0,0.00000000,5054,5099,99,0.00036072
1767983554.64868045,0.01021423,13534,0.00088544,0.00000000,0,0.00000000,5099,5114,86,0.00112067
1767983554.74946094,0.00254903,13693,0.00012711,0.00000000,0,0.00000000,5114,5122,46,0.00113786
1767983554.84902978,0.00409006,13524,0.00023205,0.00000000,0,0.00000000,5122,5118,53,0.00104691
1767983554.94989872,0.00362778,13741,0.00011319,0.00000000,0,0.00000000,5118,5146,48,0.00031405
1767983555.04943132,0.00653719,13545,0.00012216,0.00000000,0,0.00000000,5146,5157,58,0.00171523
1767983555.14893341,0.00405994,13563,0.00034242,0.00000000,0,0.00000000,5157,5171,58,0.00035942
1767983555.24848509,0.00841711,13542,0.00035017,0.00000000,0,0.00000000,5171,5197,63,0.00031212
1767983555.34800625,0.00352463,13512,0.00033436,0.00000000,0,0.00000000,5197,5234,72,0.00032904
1767983555.44744420,0.00910529,13382,0.00077112,0.00000000,0,0.00000000,5234,5288,141,0.00114404
1767983555.54708457,0.00334779,13261,0.00022190,0.00000000,0,0.00000000,5288,5350,106,0.00063136
1767983555.64664626,0.00656362,13262,0.00066566,0.00000000,0,0.00000000,5350,5402,110,0.00099182
1767983555.74749565,0.00591314,13415,0.00081010,0.00000000,0,0.00000000,5402,5393,122,0.00082941
1767983555.84830666,0.00964276,13462,0.00124520,0.00000000,0,0.00000000,5393,5456,178,0.00107885
1767983555.94921088,0.00316303,13451,0.00042382,0.00000000,0,0.00000000,5456,5540,160,0.00055030
1767983556.05006409,0.01052335,13558,0.00137858,0.00000000,0,0.00000000,5540,5707,240,0.00035509
1767983556.14955854,0.00782202,13400,0.00099148,0.00000000,0,0.00000000,5457,5630,214,0.00077368
1767983556.25045896,0.00414572,13559,0.00027792,0.00000000,0,0.00000000,5630,5727,134,0.00100913
1767983556.35129428,0.01092146,13614,0.00131419,0.00000000,0,0.00000000,5727,5857,209,0.00035325
1767983556.45080590,0.00254850,13461,0.00018426,0.00000000,0,0.00000000,5570,5716,174,0.00113032
1767983556.55037856,0.00690233,13468,0.00053786,0.00000000,0,0.00000000,5716,5820,169,0.00063903
1767983556.64988089,0.00468275,13430,0.00035905,0.00000000,0,0.00000000,5820,5900,138,0.00065826
1767983556.75077367,0.00960891,13630,0.00069183,0.00000000,0,0.00000000,5900,6025,205,0.00105435
1767983556.85030532,0.00349685,13518,0.00028158,0.00000000,0,0.00000000,6025,6094,134,0.00032426
1767983556.95117211,0.00784998,13715,0.00028981,0.00000000,0,0.00000000,6094,6195,191,0.00042656
1767983557.05069232,0.00772764,13582,0.00015432,0.00000000,0,0.00000000,6195,6278,124,0.00029968
1767983557.15023708,0.00430373,13568,0.00024599,0.00000000,0,0.00000000,6278,6312,127,0.00097248
1767983557.24997449,0.00548385,13529,0.00029763,0.00000000,0,0.00000000,6312,6352,97,0.00033718
1767983557.34930038,0.00472901,13423,0.00027971,0.00000000,0,0.00000000,6352,6388,88,0.00055707
1767983557.44879937,0.00628332,13347,0.00055052,0.00000000,0,0.00000000,6388,6399,123,0.00108087
1767983557.54832888,0.00496248,13300,0.00029080,0.00000000,0,0.00000000,6399,6442,91,0.00090455
1767983557.64786220,0.00903346,13329,0.00039872,0.00000000,0,0.00000000,6442,6461,63,0.00036244
1767983557.74872184,0.00263256,13447,0.00022351,0.00000000,0,0.00000000,6461,6438,59,0.00030096
1767983557.84829354,0.00887889,13330,0.00030333,0.00000000,0,0.00000000,6438,6487,68,0.00031775
1767983557.94914937,0.00755246,13509,0.00020446,0.00000000,0,0.00000000,6487,6510,39,0.00034253
1767983558.04868770,0.00891290,13250,0.00040987,0.00000000,0,0.00000000,6510,6553,76,0.00111906
1767983558.14957285,0.00872078,13405,0.00034522,0.00000000,0,0.00000000,6553,6576,58,0.00033994
1767983558.24894428,0.00878270,13139,0.00039715,0.00000000,0,0.00000000,6576,6595,54,0.00098777
1767983558.34990430,0.00935529,13302,0.00037196,0.00000000,0,0.00000000,6595,6638,73,0.00050107
1767983558.44945312,0.00989081,12984,0.00059515,0.00000000,0,0.00000000,6638,6667,66,0.00100355
1767983558.54900336,0.01081458,12889,0.00096472,0.00000000,0,0.00000000,6667,6677,115,0.00100185
1767983558.64982915,0.00847089,13039,0.00016683,0.00000000,0,0.00000000,6677,6721,117,0.00099233
1767983558.74913573,0.00529957,12777,0.00037190,0.00000000,0,0.00000000,6721,6760,103,0.00033718
1767983558.84888911,0.00717624,12706,0.00031433,0.00000000,0,0.00000000,6760,6787,73,0.00107549
1767983558.94975495,0.00242472,12836,0.00013061,0.00000000,0,0.00000000,6787,6825,68,0.00171293
1767983559.04933357,0.00855337,12608,0.00030005,0.00000000,0,0.00000000,6825,6847,58,0.00114560
1767983559.14886332,0.00386259,12598,0.00030315,0.00000000,0,0.00000000,6847,6873,62,0.00035085
1767983559.24836731,0.00886855,12595,0.00023980,0.00000000,0,0.00000000,6720,6765,54,0.00042704
1767983559.34924555,0.00588977,12701,0.00023097,0.00000000,0,0.00000000,6765,6760,55,0.00178178
1767983559.44874310,0.00860489,12421,0.00038577,0.00000000,0,0.00000000,6760,6793,66,0.00179563
1767983559.54827714,0.00835913,12392,0.00041447,0.00000000,0,0.00000000,6793,6834,74,0.00066240
1767983559.64914060,0.00966361,12611,0.00037562,0.00000000,0,0.00000000,6834,6873,72,0.00160257
1767983559.74868822,0.00520290,12334,0.00031387,0.00000000,0,0.00000000,6873,6921,80,0.00100520
1767983559.84957838,0.00725203,12537,0.00011897,0.00000000,0,0.00000000,6921,6960,79,0.00113070
1767983559.94910717,0.00714311,12285,0.00009162,0.00000000,0,0.00000000,6960,6984,52,0.00100573
1767983560.04992867,0.00823583,12449,0.00038267,0.00000000,0,0.00000000,6984,6995,53,0.00169635
1767983560.14950514,0.00410326,12231,0.00008857,0.00000000,0,0.00000000,6995,7024,45,0.00032698
1767983560.24903011,0.00832090,12203,0.00038924,0.00000000,0,0.00000000,7024,7053,61,0.00124909
1767983560.34855676,0.00385134,12132,0.00015138,0.00000000,0,0.00000000,7053,7055,52,0.00108992
1767983560.44942427,0.00861989,12276,0.00011442,0.00000000,0,0.00000000,7055,7045,31,0.00115336
1767983560.54883599,0.00692639,12078,0.00008665,0.00000000,0,0.00000000,7045,7066,31,0.00061952
1767983560.64977646,0.00597208,12230,0.00056427,0.00000000,0,0.00000000,7066,6934,33,0.00064659
1767983560.74935675,0.00520504,12033,0.00020996,0.00000000,0,0.00000000,6934,6923,37,0.00032123
1767983560.84885168,0.00789467,11966,0.00022053,0.00000000,0,0.00000000,6923,6954,41,0.00127686
1767983560.94970679,0.00559844,12173,0.00014708,0.00000000,0,0.00000000,6954,6982,48,0.00166921
1767983561.04927182,0.00667566,11961,0.00015056,0.00000000,0,0.00000000,6982,6997,30,0.00040638
1767983561.14877152,0.00973303,11890,0.00034649,0.00000000,0,0.00000000,6997,7008,37,0.00049383
1767983561.24963069,0.00895045,12038,0.00060929,0.00000000,0,0.00000000,7008,6965,45,0.00100475
1767983561.34900594,0.00945539,11818,0.00040078,0.00000000,0,0.00000000,6965,6973,41,0.00100869
1767983561.44870090,0.00786659,11820,0.00027085,0.00000000,0,0.00000000,6973,6997,39,0.00049764
1767983561.54955912,0.00886804,11949,0.00025162,0.00000000,0,0.00000000,6997,7005,40,0.00178007
1767983561.64909983,0.00793779,11638,0.00038860,0.00000000,0,0.00000000,7005,7037,64,0.00176948
1767983561.74998665,0.00329288,11824,0.00014720,0.00000000,0,0.00000000,7037,7048,35,0.00165703
1767983561.84953380,0.00397676,11622,0.00006146,0.00000000,0,0.00000000,7048,7058,34,0.00175332
1767983561.94905114,0.00520588,11483,0.00016871,0.00000000,0,0.00000000,7058,7095,58,0.00170988
1767983562.04987907,0.00772033,11552,0.00034331,0.00000000,0,0.00000000,7095,7106,51,0.00106884
1767983562.14945412,0.00755879,11316,0.00026341,0.00000000,0,0.00000000,7106,7113,37,0.00138987
1767983562.24899006,0.00702567,11204,0.00022369,0.00000000,0,0.00000000,7113,7126,32,0.00171408
1767983562.34979320,0.00347460,11074,0.00020204,0.00000000,0,0.00000000,7126,7132,46,0.00098865
1767983562.44932818,0.00768254,10945,0.00029421,0.00000000,0,0.00000000,7132,7134,43,0.00099762
1767983562.54887128,0.00601608,10828,0.00029245,0.00000000,0,0.00000000,7134,7150,48,0.00109323
1767983562.64973640,0.00753489,10780,0.00034393,0.00000000,0,0.00000000,7150,7169,47,0.00051989
1767983562.74929762,0.00344547,10568,0.00019029,0.00000000,0,0.00000000,7169,7195,44,0.00036811
1767983562.84879446,0.00725755,10532,0.00035317,0.00000000,0,0.00000000,7195,7200,32,0.00077265
1767983562.94969893,0.00339994,10663,0.00015280,0.00000000,0,0.00000000,7200,7220,47,0.00109332
1767983563.04922557,0.00813702,10484,0.00039823,0.00000000,0,0.00000000,7220,7237,56,0.00076844
1767983563.14873123,0.00744043,10415,0.00061718,0.00000000,0,0.00000000,7237,7277,97,0.00084154
1767983563.24964309,0.00724154,10550,0.00044881,0.00000000,0,0.00000000,7277,7316,71,0.00114073
1767983563.34914899,0.00204824,10410,0.00012547,0.00000000,0,0.00000000,7316,7314,68,0.00094082
1767983563.44868326,0.00710170,10316,0.00049826,0.00000000,0,0.00000000,7314,7351,87,0.00165641
1767983563.54954004,0.00202612,10590,0.00011447,0.00000000,0,0.00000000,7351,7351,49,0.00109899
1767983563.64908004,0.00734899,10449,0.00039699,0.00000000,0,0.00000000,7351,7325,46,0.00084153
1767983563.74990010,0.00637970,10638,0.00035804,0.00000000,0,0.00000000,7325,7331,54,0.00030594
1767983563.84946489,0.00792482,10502,0.00028038,0.00000000,0,0.00000000,7331,7358,47,0.00097956
1767983563.94902682,0.00433929,10582,0.00011175,0.00000000,0,0.00000000,7358,7379,38,0.00047305
1767983564.04982805,0.00718237,10860,0.00026581,0.00000000,0,0.00000000,7379,7396,40,0.00095795
1767983564.14903665,0.00271060,10631,0.00009990,0.00000000,0,0.00000000,7396,7414,45,0.00035157
1767983564.24888611,0.00723832,10717,0.00051250,0.00000000,0,0.00000000,7414,7364,33,0.00170390
1767983564.34977245,0.00632330,10951,0.00022016,0.00000000,0,0.00000000,7364,7381,34,0.00105433
1767983564.44932175,0.00695829,10829,0.00032562,0.00000000,0,0.00000000,7381,7399,49,0.00107915
1767983564.54881763,0.00759108,10785,0.00033638,0.00000000,0,0.00000000,7399,7385,35,0.00059278
1767983564.64946938,0.00678228,10948,0.00027200,0.00000000,0,0.00000000,7385,7408,41,0.00096763
1767983564.74926233,0.00477127,10922,0.00017278,0.00000000,0,0.00000000,7408,7403,28,0.00097041
1767983564.84874725,0.00661982,10920,0.00013547,0.00000000,0,0.00000000,7403,7421,24,0.00097526
1767983564.94965196,0.00439468,11129,0.00012555,0.00000000,0,0.00000000,7421,7433,27,0.00153100
1767983565.04917908,0.00664914,10988,0.00025837,0.00000000,0,0.00000000,7433,7432,27,0.00106320
1767983565.14868736,0.00448839,11009,0.00014646,0.00000000,0,0.00000000,7432,7421,20,0.00035208
1767983565.24956560,0.00677008,11287,0.00020474,0.00000000,0,0.00000000,7421,7449,38,0.00097608
1767983565.34921670,0.00468105,11332,0.00018211,0.00000000,0,0.00000000,7449,7449,30,0.00053503
1767983565.44831252,0.00800447,11389,0.00043170,0.00000000,0,0.00000000,7449,7419,35,0.00114443
1767983565.54949689,0.00235513,11755,0.00010800,0.00000000,0,0.00000000,7419,7413,31,0.00030189
1767983565.64902973,0.00705804,11690,0.00017081,0.00000000,0,0.00000000,7413,7438,34,0.00096922
1767983565.74855638,0.00368359,11790,0.00012296,0.00000000,0,0.00000000,7438,7450,32,0.00034403
1767983565.84942961,0.00685698,12088,0.00009909,0.00000000,0,0.00000000,7450,7480,57,0.00167007
1767983565.94891620,0.01501611,12006,0.00039028,0.00000000,0,0.00000000,7480,7508,58,0.00034816
1767983566.04977608,0.00764390,12243,0.00036809,0.00000000,0,0.00000000,7508,7518,52,0.00097328
1767983566.14934707,0.00693704,12073,0.00009941,0.00000000,0,0.00000000,7518,7541,28,0.00047957
1767983566.24884105,0.00721824,12146,0.00028460,0.00000000,0,0.00000000,7541,7568,47,0.00160118
1767983566.34970260,0.00578032,12400,0.00025695,0.00000000,0,0.00000000,7568,7569,32,0.00111287
1767983566.44949865,0.00727019,12288,0.00034860,0.00000000,0,0.00000000,7569,7577,41,0.00112804
1767983566.54877591,0.00560788,12365,0.00014013,0.00000000,0,0.00000000,7577,7588,48,0.00149698
1767983566.64968419,0.00992434,12629,0.00126337,0.00000000,0,0.00000000,7588,7625,44,0.00112291
1767983566.74921727,0.00377468,12456,0.00020636,0.00000000,0,0.00000000,7086,7114,43,0.00097933
1767983566.84869719,0.00798346,12188,0.00014853,0.00000000,0,0.00000000,7114,7138,26,0.00157743
1767983566.94924235,0.00470124,12207,0.00014094,0.00000000,0,0.00000000,7138,7163,47,0.00121359
1767983567.04913592,0.00721363,11873,0.00029414,0.00000000,0,0.00000000,7163,7203,55,0.00170896
1767983567.14865422,0.00669007,11823,0.00015383,0.00000000,0,0.00000000,7203,7214,22,0.00077198
1767983567.24953198,0.00832924,11941,0.00035710,0.00000000,0,0.00000000,7214,7239,58,0.00176892
1767983567.34905052,0.00702763,11704,0.00019178,0.00000000,0,0.00000000,7239,7265,33,0.00103118
1767983567.44857645,0.00671637,11718,0.00020748,0.00000000,0,0.00000000,7265,7249,23,0.00110557
1767983567.54941368,0.00852704,11882,0.00029055,0.00000000,0,0.00000000,7249,7280,44,0.00099703
1767983567.64897609,0.00708351,11769,0.00022865,0.00000000,0,0.00000000,7280,7292,34,0.00179842
1767983567.74826217,0.00759397,11873,0.00032558,0.00000000,0,0.00000000,7292,7294,40,0.00082576
1767983567.84937453,0.00498571,12245,0.00018805,0.00000000,0,0.00000000,7294,7296,36,0.00065535
1767983567.94886470,0.00861480,12160,0.00025967,0.00000000,0,0.00000000,7296,7331,49,0.00053885
1767983568.04841065,0.00840919,12235,0.00020921,0.00000000,0,0.00000000,7331,7353,30,0.00108878
1767983568.14930248,0.00313966,12462,0.00007756,0.00000000,0,0.00000000,7353,7357,20,0.00106135
1767983568.24879956,0.00722469,12222,0.00027807,0.00000000,0,0.00000000,7357,7383,46,0.00047250
1767983568.34968781,0.00851385,12440,0.00022758,0.00000000,0,0.00000000,7383,7393,32,0.00172173
1767983568.44922161,0.00558537,12233,0.00008983,0.00000000,0,0.00000000,7393,7395,19,0.00101932
1767983568.55009508,0.00600833,12384,0.00009411,0.00000000,0,0.00000000,7395,7412,23,0.00037163
1767983568.64963055,0.00700448,12132,0.00006026,0.00000000,0,0.00000000,7412,7406,29,0.00116456
1767983568.74917936,0.00562996,12119,0.00010532,0.00000000,0,0.00000000,7406,7413,17,0.00114236
1767983568.84869528,0.00716791,12102,0.00014031,0.00000000,0,0.00000000,7413,7421,23,0.00067208
1767983568.94950008,0.00427846,12280,0.00007809,0.00000000,0,0.00000000,7421,7418,27,0.00033098
1767983569.04907846,0.00700196,12076,0.00003740,0.00000000,0,0.00000000,7418,7431,16,0.00102412
1767983569.14857483,0.00659902,12052,0.00010945,0.00000000,0,0.00000000,7431,7450,22,0.00032724
1767983569.24947953,0.00741081,12188,0.00019334,0.00000000,0,0.00000000,7450,7468,48,0.00098117
1767983569.34897780,0.00701522,11935,0.00028393,0.00000000,0,0.00000000,7468,7497,53,0.00101357
1767983569.44720244,0.00719699,11723,0.00024161,0.00000000,0,0.00000000,7497,7514,43,0.00098466
1767983569.54809284,0.00722087,12084,0.00025154,0.00000000,0,0.00000000,7514,7534,35,0.00035621
1767983569.64756250,0.00697869,11866,0.00037520,0.00000000,0,0.00000000,7534,7561,56,0.00106314
1767983569.74714303,0.00233171,11979,0.00023388,0.00000000,0,0.00000000,7561,7563,47,0.00097855
1767983569.84802771,0.00708077,12206,0.00041453,0.00000000,0,0.00000000,7563,7585,65,0.00102474
1767983569.94881654,0.00211229,12292,0.00013808,0.00000000,0,0.00000000,7585,7618,70,0.00117968
1767983570.04969406,0.00757738,12388,0.00045473,0.00000000,0,0.00000000,7618,7673,76,0.00109795
1767983570.15054154,0.00223480,12507,0.00018175,0.00000000,0,0.00000000,7673,7726,103,0.00057421
1767983570.25108361,0.00737635,12554,0.00063190,0.00000000,0,0.00000000,7726,7764,98,0.00067039
1767983570.35093832,0.00354930,12270,0.00018750,0.00000000,0,0.00000000,7764,7777,44,0.00032752
1767983570.45179796,0.00555598,12345,0.00029037,0.00000000,0,0.00000000,7777,7810,51,0.00112849
1767983570.55139589,0.00304048,12110,0.00007470,0.00000000,0,0.00000000,7810,7832,42,0.00034936
1767983570.65085912,0.00755817,12063,0.00041568,0.00000000,0,0.00000000,7832,7813,43,0.00065843
1767983570.75042653,0.00685638,12122,0.00022165,0.00000000,0,0.00000000,7813,7828,37,0.00067067
1767983570.84993815,0.00658984,12031,0.00026196,0.00000000,0,0.00000000,7828,7837,31,0.00061394
1767983570.94945884,0.00371636,12001,0.00007789,0.00000000,0,0.00000000,7837,7857,26,0.00042709
1767983571.04902172,0.00772565,12003,0.00014424,0.00000000,0,0.00000000,7857,7869,19,0.00104205
1767983571.14856005,0.00772898,11969,0.00051839,0.00000000,0,0.00000000,7869,7872,30,0.00110351
1767983571.24809027,0.00735454,11972,0.00013771,0.00000000,0,0.00000000,7872,7890,23,0.00061498
1767983571.34891748,0.00590050,12150,0.00021397,0.00000000,0,0.00000000,7890,7890,49,0.00032387
1767983571.44977069,0.00764314,12170,0.00040535,0.00000000,0,0.00000000,7890,7916,66,0.00111463
1767983571.55066419,0.00470809,12219,0.00025002,0.00000000,0,0.00000000,7916,7913,61,0.00168210
1767983571.65021968,0.00720908,12098,0.00050453,0.00000000,0,0.00000000,7913,7960,85,0.00086796
1767983571.75107813,0.00593157,12369,0.00023298,0.00000000,0,0.00000000,7960,7971,56,0.00120080
1767983571.84887838,0.00264629,12072,0.00012441,0.00000000,0,0.00000000,7971,7973,42,0.00103473
1767983571.94876766,0.00319654,12499,0.00019965,0.00000000,0,0.00000000,7973,8004,70,0.00052858
1767983572.04701662,0.00824714,12544,0.00021875,0.00000000,0,0.00000000,8004,8018,30,0.00059660
1767983572.14650416,0.00491709,12899,0.00010095,0.00000000,0,0.00000000,8018,8037,27,0.00061726
1767983572.24608898,0.00759357,13166,0.00029221,0.00000000,0,0.00000000,8037,8021,30,0.00034311
1767983572.34689593,0.00799367,13690,0.00046415,0.00000000,0,0.00000000,8021,7986,33,0.00060121
1767983572.44775915,0.00740703,13902,0.00003580,0.00000000,0,0.00000000,7986,7997,21,0.00166619
1767983572.54865122,0.00247561,13989,0.00005148,0.00000000,0,0.00000000,7997,8014,26,0.00098070
1767983572.64947844,0.00803611,14132,0.00020733,0.00000000,0,0.00000000,8014,8028,21,0.00098921
1767983572.75036001,0.00726093,14239,0.00009008,0.00000000,0,0.00000000,8028,8036,17,0.00092893
1767983572.85123610,0.00802377,14303,0.00021943,0.00000000,0,0.00000000,8036,8041,25,0.00115361
1767983572.95073724,0.00320626,14068,0.00011114,0.00000000,0,0.00000000,8041,8054,41,0.00033411
1767983573.05030179,0.00720597,13909,0.00006315,0.00000000,0,0.00000000,8054,8070,35,0.00118165
1767983573.14979959,0.00223560,13787,0.00003971,0.00000000,0,0.00000000,8070,8084,28,0.00067636
1767983573.24938822,0.00796475,13654,0.00027433,0.00000000,0,0.00000000,8084,8076,28,0.00114785
1767983573.35021520,0.00319838,13722,0.00011516,0.00000000,0,0.00000000,8076,8101,53,0.00063026
1767983573.44839597,0.00811497,13273,0.00049028,0.00000000,0,0.00000000,8101,8116,36,0.00104824
1767983573.54929686,0.00413956,13554,0.00012328,0.00000000,0,0.00000000,8116,8137,34,0.00033984
1767983573.64845085,0.00355066,13295,0.00020000,0.00000000,0,0.00000000,8137,8147,49,0.00121260
1767983573.74837089,0.00369073,13210,0.00016023,0.00000000,0,0.00000000,8147,7865,40,0.00056018
1767983573.84921718,0.00769825,13318,0.00016623,0.00000000,0,0.00000000,7865,7892,33,0.00096650
1767983573.94872403,0.00399023,13100,0.00010899,0.00000000,0,0.00000000,7892,7915,33,0.00033605
1767983574.04962063,0.00788785,13280,0.00025312,0.00000000,0,0.00000000,7915,7930,31,0.00034161
1767983574.14904213,0.00713330,13093,0.00010295,0.00000000,0,0.00000000,7930,7951,27,0.00099446
1767983574.25002217,0.00809712,13283,0.00030108,0.00000000,0,0.00000000,7951,7962,39,0.00106861
1767983574.34953737,0.00897154,13045,0.00032201,0.00000000,0,0.00000000,7962,7983,38,0.00031823
1767983574.44895816,0.00797499,13089,0.00044385,0.00000000,0,0.00000000,7983,7998,54,0.00113434
1767983574.54989743,0.00319853,13158,0.00020052,0.00000000,0,0.00000000,7998,8045,87,0.00033169
1767983574.64927053,0.00709394,12983,0.00052620,0.00000000,0,0.00000000,8045,8070,52,0.00101712
1767983574.74902391,0.00488226,12999,0.00027033,0.00000000,0,0.00000000,8070,8079,43,0.00159945
1767983574.84982991,0.00825108,13319,0.00035548,0.00000000,0,0.00000000,8079,8114,62,0.00101328
1767983574.94941068,0.00532950,13233,0.00009030,0.00000000,0,0.00000000,8114,8132,31,0.00080862
1767983575.04888773,0.00804318,13240,0.00016246,0.00000000,0,0.00000000,8132,8145,27,0.00100852
1767983575.14975238,0.00290771,13523,0.00018478,0.00000000,0,0.00000000,8145,8164,62,0.00063548
1767983575.24932075,0.00792491,13406,0.00012862,0.00000000,0,0.00000000,8164,8193,55,0.00170100
1767983575.34882450,0.00532182,13480,0.00051154,0.00000000,0,0.00000000,8193,8212,43,0.00143979
1767983575.44968057,0.00890339,13745,0.00055093,0.00000000,0,0.00000000,8212,8207,56,0.00108318
1767983575.54924226,0.00845577,13636,0.00029772,0.00000000,0,0.00000000,8207,8203,33,0.00059007
1767983575.65006685,0.00861178,13768,0.00034327,0.00000000,0,0.00000000,8203,8229,50,0.00100699
1767983575.74964356,0.00868256,13585,0.00023068,0.00000000,0,0.00000000,8229,8245,34,0.00168151
1767983575.84916306,0.00857183,13488,0.00036278,0.00000000,0,0.00000000,8245,8273,47,0.00104876
1767983575.95003581,0.00571683,13778,0.00047562,0.00000000,0,0.00000000,8273,8297,62,0.00068418
1767983576.04956794,0.00842366,13659,0.00031050,0.00000000,0,0.00000000,8297,8308,43,0.00105423
1767983576.14906573,0.00474664,13706,0.00012646,0.00000000,0,0.00000000,8308,8322,40,0.00087928
1767983576.24992156,0.00885460,13916,0.00047176,0.00000000,0,0.00000000,8322,8343,80,0.00100424
1767983576.34950018,0.00777871,13559,0.00045888,0.00000000,0,0.00000000,8343,8332,36,0.00098688
1767983576.44902158,0.00853919,13767,0.00023894,0.00000000,0,0.00000000,8332,8336,37,0.00116596
1767983576.54855824,0.00389537,13682,0.00012694,0.00000000,0,0.00000000,8336,8360,38,0.00099156
1767983576.64943075,0.00893549,13934,0.00043428,0.00000000,0,0.00000000,8360,8365,54,0.00115571
1767983576.74891758,0.00543851,13827,0.00029746,0.00000000,0,0.00000000,8365,8332,51,0.00031368
1767983576.84847879,0.00847412,13800,0.00029625,0.00000000,0,0.00000000,8332,8353,33,0.00112628
1767983576.94935250,0.00389114,13892,0.00011131,0.00000000,0,0.00000000,8353,8364,28,0.00040520
1767983577.04884696,0.00900630,13651,0.00025874,0.00000000,0,0.00000000,8364,8397,44,0.00102282
1767983577.14841676,0.00291671,13681,0.00010897,0.00000000,0,0.00000000,8397,8427,48,0.00170405
1767983577.24928761,0.00850494,13863,0.00015880,0.00000000,0,0.00000000,8427,8429,23,0.00193162
1767983577.34876418,0.00238324,13660,0.00008913,0.00000000,0,0.00000000,8429,8428,30,0.00045121
1767983577.44962716,0.00868885,13860,0.00024286,0.00000000,0,0.00000000,8428,8433,34,0.00111356
1767983577.54919982,0.00822907,13617,0.00021978,0.00000000,0,0.00000000,8433,8458,32,0.00033769
1767983577.64869308,0.00863116,13581,0.00034449,0.00000000,0,0.00000000,8458,8468,42,0.00117104
1767983577.74955893,0.00688754,13693,0.00023747,0.00000000,0,0.00000000,8468,8481,42,0.00033923
1767983577.84912586,0.00846865,13558,0.00045787,0.00000000,0,0.00000000,8481,8501,66,0.00116672
1767983577.94996214,0.00830630,13816,0.00036416,0.00000000,0,0.00000000,8501,8498,29,0.00070585
1767983578.04950476,0.00886870,13709,0.00008695,0.00000000,0,0.00000000,8498,8501,10,0.00186370
1767983578.14905214,0.00502112,13668,0.00003701,0.00000000,0,0.00000000,8501,8512,13,0.00104733
1767983578.24991536,0.00832034,13832,0.00014004,0.00000000,0,0.00000000,8512,8517,16,0.00143268
1767983578.34944081,0.00228872,13681,0.00002000,0.00000000,0,0.00000000,8517,8522,9,0.00030845
1767983578.44893384,0.00225320,13684,0.00001554,0.00000000,0,0.00000000,8522,8519,6,0.00184381
1767983578.54979849,0.00233071,13837,0.00002274,0.00000000,0,0.00000000,8519,8522,9,0.00104282
1767983578.64936519,0.00340978,13684,0.00002695,0.00000000,0,0.00000000,8522,8520,6,0.00113366
1767983578.74886513,0.00344393,13679,0.00004937,0.00000000,0,0.00000000,8520,8527,12,0.00030731
1767983578.84973025,0.00981692,13832,0.00016264,0.00000000,0,0.00000000,8527,8526,11,0.00034791
1767983578.94929433,0.00719582,13681,0.00004663,0.00000000,0,0.00000000,8526,8534,9,0.00036013
1767983579.04845214,0.00343381,13666,0.00004861,0.00000000,0,0.00000000,8534,8522,9,0.00063323
1767983579.14965868,0.00238020,13795,0.00002862,0.00000000,0,0.00000000,8522,8525,11,0.00065926
1767983579.24920988,0.00673849,13691,0.00003781,0.00000000,0,0.00000000,8525,8530,16,0.00171042
1767983579.34872985,0.00850331,13670,0.00014172,0.00000000,0,0.00000000,8530,8531,15,0.00083176
1767983579.44962478,0.00236723,13821,0.00001323,0.00000000,0,0.00000000,8531,8535,8,0.00063717
1767983579.54946160,0.00231617,13664,0.00002035,0.00000000,0,0.00000000,8535,8530,6,0.00064166
1767983579.64863777,0.00225686,13663,0.00001254,0.00000000,0,0.00000000,8530,8532,4,0.00066959
1767983579.74954724,0.00227957,13822,0.00001720,0.00000000,0,0.00000000,8532,8543,13,0.00110814
1767983579.84908509,0.00233185,13665,0.00002341,0.00000000,0,0.00000000,8543,8544,12,0.00036378
1767983579.94989753,0.00234612,13802,0.00002804,0.00000000,0,0.00000000,8544,8546,11,0.00035094
1767983580.04921770,0.00230282,13669,0.00001250,0.00000000,0,0.00000000,8546,8544,4,0.00036386
1767983580.14900398,0.00664279,13679,0.00003420,0.00000000,0,0.00000000,8544,8542,3,0.00030925
1767983580.24982095,0.00829231,13818,0.00005829,0.00000000,0,0.00000000,8542,8545,6,0.00030446
1767983580.34940529,0.00223226,13661,0.00000971,0.00000000,0,0.00000000,8545,8547,3,0.00031292
1767983580.44889617,0.00230029,13670,0.00000640,0.00000000,0,0.00000000,8547,8550,3,0.00034618
1767983580.54999685,0.00848166,13826,0.00007882,0.00000000,0,0.00000000,8550,8553,8,0.00098485
1767983580.64931989,0.01005760,13663,0.00004630,0.00000000,0,0.00000000,8553,8556,4,0.00102854
1767983580.74881577,0.00846730,13670,0.00007344,0.00000000,0,0.00000000,8556,8560,8,0.00031940
1767983580.84967971,0.00285750,13821,0.00002418,0.00000000,0,0.00000000,8560,8560,6,0.00033527
1767983580.94923925,0.00234500,13676,0.00002571,0.00000000,0,0.00000000,8560,8554,4,0.00083517
1767983581.04873753,0.00219741,13660,0.00002123,0.00000000,0,0.00000000,8554,8545,5,0.00170408
1767983581.14966607,0.00227512,13802,0.00001390,0.00000000,0,0.00000000,8545,8546,5,0.00165913
1767983581.24916196,0.00234390,13681,0.00003209,0.00000000,0,0.00000000,8546,8545,7,0.00040552
1767983581.34888601,0.00804909,13656,0.00001801,0.00000000,0,0.00000000,8545,8548,5,0.00030976
1767983581.44956040,0.00793226,13814,0.00001844,0.00000000,0,0.00000000,8548,8551,3,0.00030493
1767983581.54909825,0.00262999,13683,0.00001680,0.00000000,0,0.00000000,8551,8554,6,0.00032241
1767983581.64997053,0.00261847,13787,0.00001402,0.00000000,0,0.00000000,8554,8559,6,0.00032536
1767983581.74945951,0.00265503,13675,0.00000800,0.00000000,0,0.00000000,8559,8562,3,0.00070385
1767983581.84882545,0.00259374,13661,0.00000717,0.00000000,0,0.00000000,8562,8564,3,0.00114162
1767983581.94855762,0.00264145,13665,0.00001576,0.00000000,0,0.00000000,8564,8564,8,0.00031421
1767983582.04941297,0.00264832,13857,0.00001251,0.00000000,0,0.00000000,8564,8569,6,0.00035129
1767983582.14890599,0.00342052,13700,0.00004376,0.00000000,0,0.00000000,8569,8578,14,0.00035635
1767983582.24977541,0.00860837,13911,0.00012988,0.00000000,0,0.00000000,8578,8579,15,0.00031031
1767983582.34922981,0.00535427,13799,0.00020403,0.00000000,0,0.00000000,8579,8569,30,0.00032157
1767983582.44883299,0.00808717,13728,0.00007351,0.00000000,0,0.00000000,8569,8580,25,0.00033160
1767983582.54969668,0.00699948,14003,0.00009003,0.00000000,0,0.00000000,8580,8590,45,0.00064932
1767983582.64927006,0.00863153,13763,0.00023172,0.00000000,0,0.00000000,8590,8585,29,0.00182081
1767983582.74876308,0.00512584,13698,0.00010914,0.00000000,0,0.00000000,8585,8594,22,0.00036220
1767983582.84829974,0.00850997,13648,0.00018116,0.00000000,0,0.00000000,8594,8607,23,0.00102244
1767983582.94921589,0.00424781,13776,0.00004652,0.00000000,0,0.00000000,8607,8613,20,0.00134546
1767983583.04868984,0.00851633,13309,0.00026276,0.00000000,0,0.00000000,8613,8631,33,0.00105509
1767983583.14959407,0.00450201,13703,0.00009839,0.00000000,0,0.00000000,8631,8644,34,0.00031076
1767983583.24912882,0.00858905,13476,0.00021660,0.00000000,0,0.00000000,8644,8653,27,0.00104659
1767983583.34997559,0.00279732,13540,0.00007447,0.00000000,0,0.00000000,8653,8669,30,0.00097637
1767983583.44952202,0.00839961,13221,0.00005141,0.00000000,0,0.00000000,8669,8678,29,0.00114858
1767983583.54904723,0.01002441,13236,0.00038062,0.00000000,0,0.00000000,8678,8692,53,0.00097343
1767983583.64986587,0.00843108,13306,0.00013934,0.00000000,0,0.00000000,8692,8695,19,0.00112809
1767983583.74944782,0.00367899,13007,0.00009315,0.00000000,0,0.00000000,8695,8705,28,0.00047140
1767983583.84896541,0.00844568,12796,0.00031553,0.00000000,0,0.00000000,8705,8686,33,0.00126505
1767983583.94847274,0.00563273,12759,0.00016733,0.00000000,0,0.00000000,8686,8696,27,0.00064438
1767983584.04803658,0.00877766,12575,0.00031525,0.00000000,0,0.00000000,8696,8686,27,0.00105251
1767983584.14890885,0.00783309,12506,0.00016178,0.00000000,0,0.00000000,8686,8702,34,0.00030339
1767983584.24839354,0.00833758,12081,0.00023475,0.00000000,0,0.00000000,8702,8716,42,0.00100045
1767983584.34925747,0.00385179,12195,0.00012449,0.00000000,0,0.00000000,8716,8722,36,0.00061268
1767983584.44879436,0.00827600,11935,0.00025483,0.00000000,0,0.00000000,8722,8714,30,0.00098348
1767983584.54966044,0.00442163,11892,0.00007146,0.00000000,0,0.00000000,8714,8740,45,0.00107870
1767983584.64921904,0.00705833,11553,0.00005837,0.00000000,0,0.00000000,8740,8757,33,0.00177914
1767983584.75008273,0.00876274,11759,0.00141784,0.00000000,0,0.00000000,8757,8611,46,0.00035900
1767983584.84958172,0.00862919,11599,0.00017835,0.00000000,0,0.00000000,8611,8622,23,0.00100158
1767983584.94914794,0.00218691,11499,0.00005138,0.00000000,0,0.00000000,8622,8640,30,0.00086432
1767983585.05002403,0.00767187,11658,0.00021720,0.00000000,0,0.00000000,8640,8661,34,0.00108335
1767983585.14951754,0.00684316,11416,0.00018028,0.00000000,0,0.00000000,8661,8678,31,0.00101994
1767983585.24907136,0.00759500,11380,0.00031252,0.00000000,0,0.00000000,8678,8696,44,0.00168521
1767983585.34989142,0.00481862,11597,0.00006919,0.00000000,0,0.00000000,8696,8698,18,0.00076563
1767983585.44909596,0.00805718,11223,0.00038012,0.00000000,0,0.00000000,8698,8693,23,0.00102059
1767983585.54900146,0.00863897,11172,0.00030778,0.00000000,0,0.00000000,8693,8687,34,0.00099077
1767983585.64853239,0.00782202,11303,0.00020410,0.00000000,0,0.00000000,8687,8708,30,0.00110285
1767983585.74939466,0.00255814,11452,0.00015655,0.00000000,0,0.00000000,8708,8724,25,0.00052979
1767983585.84888315,0.00744134,11253,0.00012350,0.00000000,0,0.00000000,8724,8730,14,0.00174519
1767983585.94842792,0.00328735,11249,0.00008461,0.00000000,0,0.00000000,8730,8741,21,0.00064569
1767983586.04931927,0.00894253,11476,0.00029697,0.00000000,0,0.00000000,8741,8756,36,0.00107574
1767983586.14881873,0.00966005,11320,0.00097608,0.00000000,0,0.00000000,8756,8832,87,0.00114906
1767983586.24838686,0.00849701,11278,0.00048142,0.00000000,0,0.00000000,8442,8509,87,0.00163814
1767983586.34787321,0.00540124,11192,0.00074022,0.00000000,0,0.00000000,8509,8547,103,0.00135318
1767983586.44749188,0.00851805,10854,0.00022750,0.00000000,0,0.00000000,8547,8621,128,0.00106707
1767983586.54831839,0.00696387,10884,0.00037346,0.00000000,0,0.00000000,8621,8670,92,0.00126601
1767983586.64917970,0.00647220,10757,0.00034130,0.00000000,0,0.00000000,8670,8718,71,0.00174504
1767983586.74866629,0.00646833,10716,0.00024537,0.00000000,0,0.00000000,8718,8723,64,0.00034671
1767983586.84955907,0.00759865,10735,0.00026615,0.00000000,0,0.00000000,8723,8752,43,0.00110582
1767983586.95007229,0.00700729,10600,0.00046701,0.00000000,0,0.00000000,8752,8781,63,0.00087835
1767983587.04992223,0.00860355,10550,0.00039993,0.00000000,0,0.00000000,8781,8795,50,0.00031928
1767983587.15077782,0.00490778,10653,0.00027435,0.00000000,0,0.00000000,8795,8809,28,0.00173576
1767983587.25031638,0.00801100,10659,0.00021140,0.00000000,0,0.00000000,8809,8822,32,0.00160350
1767983587.35121846,0.00727737,10644,0.00016484,0.00000000,0,0.00000000,8822,8829,26,0.00175802
1767983587.45071459,0.00709858,10588,0.00004355,0.00000000,0,0.00000000,8829,8838,23,0.00093521
1767983587.55025506,0.00488545,10515,0.00008661,0.00000000,0,0.00000000,8838,8859,30,0.00176464
1767983587.64976716,0.00708329,10495,0.00014229,0.00000000,0,0.00000000,8859,8867,19,0.00094904
1767983587.74934316,0.00701998,10484,0.00008464,0.00000000,0,0.00000000,8867,8877,14,0.00095671
1767983587.84884119,0.00555153,10478,0.00010445,0.00000000,0,0.00000000,8877,8870,18,0.00089881
1767983587.94842005,0.00705230,10480,0.00009923,0.00000000,0,0.00000000,8870,8869,14,0.00097086
1767983588.04790401,0.00697512,10478,0.00009634,0.00000000,0,0.00000000,8869,8869,10,0.00098798
1767983588.14876413,0.00847858,10491,0.00021351,0.00000000,0,0.00000000,8869,8869,17,0.00084755
1767983588.24831295,0.00720137,10509,0.00012655,0.00000000,0,0.00000000,8869,8879,17,0.00045012
1767983588.34783483,0.00713693,10545,0.00015993,0.00000000,0,0.00000000,8879,8878,18,0.00172380
1767983588.44868207,0.00761204,10549,0.00047317,0.00000000,0,0.00000000,8878,8903,48,0.00098133
1767983588.54825401,0.00411160,10412,0.00014881,0.00000000,0,0.00000000,8903,8939,57,0.00175227
1767983588.64907861,0.00710406,10238,0.00030918,0.00000000,0,0.00000000,8939,8962,55,0.00107376
1767983588.74996400,0.00842220,10169,0.00020354,0.00000000,0,0.00000000,8962,8975,31,0.00109895
1767983588.84954166,0.00809414,10113,0.00023645,0.00000000,0,0.00000000,8975,9005,44,0.00097730
1767983588.94904637,0.00725075,10063,0.00027207,0.00000000,0,0.00000000,9005,9014,32,0.00102878
1767983589.04833722,0.00692102,10096,0.00020716,0.00000000,0,0.00000000,9014,9014,24,0.00105161
1767983589.14940000,0.00406250,10119,0.00007014,0.00000000,0,0.00000000,9014,9030,25,0.00176143
1767983589.24893451,0.00725061,10103,0.00024924,0.00000000,0,0.00000000,9030,9033,30,0.00104238
1767983589.34978938,0.00580321,10060,0.00014869,0.00000000,0,0.00000000,9033,9042,21,0.00113997
1767983589.44937396,0.00684314,10058,0.00014051,0.00000000,0,0.00000000,9042,9032,15,0.00051954
1767983589.54871368,0.00648306,10090,0.00010229,0.00000000,0,0.00000000,9032,9036,12,0.00107914
1767983589.64971638,0.00646197,10092,0.00003132,0.00000000,0,0.00000000,9036,9030,15,0.00097151
1767983589.74929094,0.00685379,10084,0.00006015,0.00000000,0,0.00000000,9030,9024,6,0.00033031
1767983589.84880114,0.00688205,10091,0.00008197,0.00000000,0,0.00000000,9024,9026,10,0.00098125
1767983589.94969082,0.00778695,10084,0.00011540,0.00000000,0,0.00000000,9026,9019,7,0.00096959
1767983590.04922295,0.00689028,10074,0.00007385,0.00000000,0,0.00000000,9019,9017,6,0.00098040
1767983590.14870691,0.00313036,10081,0.00002537,0.00000000,0,0.00000000,9017,9018,6,0.00095922
1767983590.24957395,0.00683462,10085,0.00003971,0.00000000,0,0.00000000,9018,9015,5,0.00096851
1767983590.34915781,0.00625089,10087,0.00002216,0.00000000,0,0.00000000,9015,9017,4,0.00116997
1767983590.44865847,0.00807448,10101,0.00010894,0.00000000,0,0.00000000,9017,9010,9,0.00107500
1767983590.54954147,0.00623469,10108,0.00006352,0.00000000,0,0.00000000,9010,9012,6,0.00066717
1767983590.64908528,0.00276087,10116,0.00000157,0.00000000,0,0.00000000,9012,9012,1,0.00097309
1767983590.74860334,0.00602738,10113,0.00004496,0.00000000,0,0.00000000,9012,9016,7,0.00106966
1767983590.84943032,0.00195962,10120,0.00001192,0.00000000,0,0.00000000,9016,9020,6,0.00172383
1767983590.94896197,0.00638010,10116,0.00008677,0.00000000,0,0.00000000,9020,9020,11,0.00061632
1767983591.04981613,0.00687097,10108,0.00005603,0.00000000,0,0.00000000,9020,9019,6,0.00066561
1767983591.14939952,0.00662989,10105,0.00006453,0.00000000,0,0.00000000,9019,9011,7,0.00066923
1767983591.24888754,0.00196532,10102,0.00002744,0.00000000,0,0.00000000,9011,9012,12,0.00035080
1767983591.34975004,0.00674156,10121,0.00005724,0.00000000,0,0.00000000,9012,9010,8,0.00044866
1767983591.44928384,0.00671896,10110,0.00005571,0.00000000,0,0.00000000,9010,9012,9,0.00101066
1767983591.54881048,0.00191779,10114,0.00000504,0.00000000,0,0.00000000,9012,9013,2,0.00097960
1767983591.64966869,0.00558558,10116,0.00005320,0.00000000,0,0.00000000,9013,9009,8,0.00035194
1767983591.74923873,0.00685510,10116,0.00004614,0.00000000,0,0.00000000,9009,9009,7,0.00075750
1767983591.84872937,0.00681759,10114,0.00007341,0.00000000,0,0.00000000,9009,9011,11,0.00107771
1767983591.94960618,0.00278816,10114,0.00000282,0.00000000,0,0.00000000,9011,9011,2,0.00034432
1767983592.04917860,0.00745624,10114,0.00000670,0.00000000,0,0.00000000,9011,9012,4,0.00067704
1767983592.14866519,0.00623934,10117,0.00004362,0.00000000,0,0.00000000,9012,9018,8,0.00105965
1767983592.24957108,0.00689405,10116,0.00003678,0.00000000,0,0.00000000,9018,9018,5,0.00095874
1767983592.34905195,0.00431884,10110,0.00000319,0.00000000,0,0.00000000,9018,9018,4,0.00066886
1767983592.44863081,0.00523530,10115,0.00002426,0.00000000,0,0.00000000,9018,9017,6,0.00132189
1767983592.54948330,0.00198015,10112,0.00000465,0.00000000,0,0.00000000,9017,9018,3,0.00105418
1767983592.64899898,0.00580782,10109,0.00002660,0.00000000,0,0.00000000,9018,9016,4,0.00175558
1767983592.74852681,0.00608745,10114,0.00001534,0.00000000,0,0.00000000,9016,9017,4,0.00176296
1767983592.84942460,0.00190680,10113,0.00000990,0.00000000,0,0.00000000,9017,9016,5,0.00074797
1767983592.94891548,0.00723418,10110,0.00001437,0.00000000,0,0.00000000,9016,9017,3,0.00033220
1767983593.04977107,0.00228886,10119,0.00000961,0.00000000,0,0.00000000,9017,9017,6,0.00050183
1767983593.14902472,0.00653496,10116,0.00001675,0.00000000,0,0.00000000,9017,9020,4,0.00097568
1767983593.24883103,0.00688009,10114,0.00000982,0.00000000,0,0.00000000,9020,9020,3,0.00031682
1767983593.34968901,0.00381047,10125,0.00001364,0.00000000,0,0.00000000,9020,9019,5,0.00050937
1767983593.44926357,0.00684649,10114,0.00003511,0.00000000,0,0.00000000,9019,9019,5,0.00031369
1767983593.54876256,0.00280087,10106,0.00000333,0.00000000,0,0.00000000,9019,9019,3,0.00058994
1767983593.64966393,0.00726781,10077,0.00002468,0.00000000,0,0.00000000,9019,9020,7,0.00097887
1767983593.74920416,0.00618688,10081,0.00003190,0.00000000,0,0.00000000,9020,9019,9,0.00051334
1767983593.84868598,0.00282197,10069,0.00000370,0.00000000,0,0.00000000,9019,9019,3,0.00097214
1767983593.94957566,0.00385087,10058,0.00000644,0.00000000,0,0.00000000,9019,9019,3,0.00066086
1767983594.04912758,0.00191216,10055,0.00000284,0.00000000,0,0.00000000,9019,9019,3,0.00077847
1767983594.14860725,0.00528261,10070,0.00002522,0.00000000,0,0.00000000,9019,9021,6,0.00060364
1767983594.24950981,0.00413822,10072,0.00001730,0.00000000,0,0.00000000,9021,9022,8,0.00065548
1767983594.34901071,0.00645477,10081,0.00001561,0.00000000,0,0.00000000,9022,9024,4,0.00033859
